schema,nome_tabela,qtd_colunas,nome_colunas,dominio,texto
b_cge_sci,cdatb0003,15,"{'flgativo','lastsuccessfulllogin','matricula','passwordhash','iduser','flgbloqueado','descricaobloqueio','datafinalbloqueio','datainiciobloqueio','flgrespondepergunta','datahoraultimaperguntaatribuida','suspensaodatainicial','suspensaodatafinal','orig','dtca'}",normas
b_cge_sci,cdatb0010,11,"{'idsubsistema','descsubsistema','flagstatus','version','deleted','descsubsistemaos','ordemsubsistemaos','perguntanecessitafiltro','exibecadastropergunta','orig','dtca'}",normas
b_cge_sci,cdatb0012,8,"{'idpontocontrole','descpontocontrole','flagstatus','version','idsubsistema','deleted','orig','dtca'}",normas
b_cge_sci,cdatb0040,13,"{'idorgaosci','cdexercicio','cdorgao','dataatualizacao','descorgao','descresorgao','flagativo','version','idorgao','flagnucleo','deleted','orig','dtca'}",entidade
b_cge_sci,cdatb0045,15,"{'idunidadegestorasci','cdexercicio','cdunidadegestora','descsigla','descunidadegestora','flagativo','version','idunidadeorcamentaria','idunidadegestora','flagnucleo','datainclusao','deleted','exibecadastropergunta','orig','dtca'}",entidade
b_cge_sci,cdatb0046,13,"{'idunidadeorcamentariasci','cdexercicio','cdunidadeorcamentaria','descsigla','descunidadeorcamentaria','flagativo','version','idorgao','idunidadeorcamentaria','flagnucleo','deleted','orig','dtca'}",entidade
b_cge_sci,cdatb0104,5,"{'idfase','descfase','version','orig','dtca'}",normas
b_cge_sci,cdatb0105,6,"{'idsituacao','descsituacao','version','nomesituacao','orig','dtca'}",normas
b_cge_sci,cdatb0106,32,"{'idpergunta','descpergunta','email','nome','rascunho','resposta','telefone','version','idfase','idorgaosci','idpontocontrole','iduserresponsavelresposta','idsituacao','idsubsistema','esferaatuacao','idunidadegestorasci','datacadastro','dataprazoresposta','dataresposta','justificativadevolucao','justificativadevoluvao','justificativaavocar','justificativaredistribuicao','justsolicitacaoredistribuicao','qtdediasprazocaracterconplexo','statuspergunta','necessitafiltrosecadjunto','arquivoorientacaotecnica','perguntafrequente','idusersecadjuntoresponsavelresposta','orig','dtca'}",normas
b_cge_sci,cdatb0108,11,"{'idsubsistema','descsubsistema','flagstatus','version','deleted','descsubsistemaos','ordemsubsistemaos','perguntanecessitafiltro','exibecadastropergunta','orig','dtca'}",normas
b_cge_sci,cdatb0109,8,"{'idsugestao','datahorasugestao','descsugestao','version','idpergunta','iduser','orig','dtca'}",normas
b_cge_sci,cdatb106,32,"{'idpergunta','descpergunta','email','nome','rascunho','resposta','telefone','version','idfase','idorgaosci','idpontocontrole','iduserresponsavelresposta','idsituacao','idsubsistema','esferaatuacao','idunidadegestorasci','datacadastro','dataprazoresposta','dataresposta','justificativadevolucao','justificativadevoluvao','justificativaavocar','justificativaredistribuicao','justsolicitacaoredistribuicao','qtdediasprazocaracterconplexo','statuspergunta','necessitafiltrosecadjunto','arquivoorientacaotecnica','perguntafrequente','idusersecadjuntoresponsavelresposta','orig','dtca'}",normas
b_cge_sci,criterio,8,"{'idcriterio','descricao','situacao','version','idusuarioinclusao','detalhe','orig','dtca'}",normas
b_cge_sci,criterio_inaplicacao,8,"{'idcriterio','descricao','situacao','version','idusuarioinclusao','detalhe','orig','dtca'}",normas
b_cge_sci,inaplicacao_avaliacao,11,"{'idinaplicacaoavaliacao','posicionamento','situacao','version','dataavaliacao','situacaoinaplicacaoanterior','situacaoinaplicacaoatual','idprovidencia','idusuarioinclusao','orig','dtca'}",normas
b_cge_sci,inaplicacao_avaliacao_criterio,8,"{'idinaplicacaoavaliacaocriterio','situacao','version','idcriterio','idinaplicacaoavaliacao','idusuarioinclusao','orig','dtca'}",normas
b_cge_sci,produto_auditoria_monitoramento,17,"{'idprodutoauditoriamonitoramento','outraorigem','dataciencia','idprodutoauditoria','situacao','version','idusuarioinclusao','numeroprotocolo','situacaoprodutoauditoriamonitoramento','idunidadeorcamentariasci','equiperesponsavel','descassuntocapa','numeroproduto','cdexercicio','idtipoprodutoauditoria','orig','dtca'}",normas
b_cge_sci,prorrogacao,12,"{'idprorrogacao','datasolicitacao','novoprazo','observacao','version','idprovidenciaacao','idrecomendacao','statusprorrogacao','idusuariosolicitante','datadecisao','orig','dtca'}",
b_cge_sci,providencia,9,"{'idprovidencia','idrecomendacao','situacaoprovidencia','posicionamento','version','observacao','justificativa','orig','dtca'}",normas
b_cge_sci,providencia_acao,19,"{'idprovidenciaacao','descricao','datainclusao','prazoimplementacao','observacao','idusuarioinclusao','idprovidencia','version','situacao','responsavelnome','responsavelcargo','responsavelmatricula','persistiracao','registroretroativo','origemacao','situacaoavaliacao','isacaoatualizacao','orig','dtca'}",normas
b_cge_sci,providencia_avaliacao,11,"{'idprovidenciaavaliacao','posicionamento','situacao','version','dataavaliacao','situacaoprovidenciaanterior','situacaoprovidenciaatual','idprovidencia','idusuarioinclusao','orig','dtca'}",normas
b_cge_sci,providencia_avaliacao_criterio,8,"{'idprovidenciaavaliacaocriterio','situacao','version','idcriterio','idprovidenciaavaliacao','idusuarioinclusao','orig','dtca'}",normas
b_cge_sci,recomendacao,14,"{'idrecomendacao','descricao','cdexercicio','datarecebimento','situacao','situacao_recomendacao','version','idpontocontrole','idprodutoauditoriamonitoramento','idanalise','idauditorresponsavel','dataelaboracao','orig','dtca'}",normas
b_cge_sci,view_recomendacao,17,"{'situacao','idrecomendacao','descsubsistema','descpontocontrole','dataelaboracao','datarecebimento','situacaoprovidencia','registroretroativo','prazo','idunidadeorcamentariasci','descricao','idpontocontrole','idsubsistema','retroativo','count','orig','dtca'}",normas
b_cge_ziglockhoteldb,ev_evento_catraca,5,"{'id','cpf','nome','evento','hora'}",pessoas
b_cge_ziglockhoteldb,re_registro_eventos,8,"{'cpf','nome','data','nome_cargo','nome_setor','excluido','tempo_total_segundos','tempo_total_segundos_previsto'}",pessoas
b_cge_ziglockhoteldb,tem_tempo_presenca,8,"{'cpf','nome','nome_cargo','nome_setor','excluido','data','tempo_total_segundos','tempo_total_segundos_previsto'}",pessoas
b_cge_ziglockhoteldb,teste_codigo,4,"{'days','data_temp','nome','data'}",pessoas
b_cge_ziglockhoteldb,vis_visitantes_pessoas,12,"{'id','cpf','nome','rg','telefone','email','cartao','cartaoantigo','cartaoauxiliar','excluido','usuario_pa','tranca_bloqueio'}",pessoas
b_detran_detrannet,gen_enderecos,18,"{'idendereco','idpessoa','idprocesso','idcep','numero','complemento','telefone','titularidade','tipologradouro','logradouro','bairro','cep','idcidadepaisendereco','datainclusao','usuarioinclusao','idsessao','orig','dtca'}",logistica
b_detran_detrannet,rev_combustivel,12,"{'idmarca','descricao','ipvafaixa','ipvaoperador','ipvadata','idtipoveiculo','idespecie','datainclusao','usuarioinclusao','idsessao','orig','dtca'}",logistica
b_detran_detrannet,rev_cor,7,"{'idcor','descricao','datainclusao','usuarioinclusao','idsessao','orig','dtca'}",logistica
b_detran_detrannet,rev_marca,12,"{'idmarca','descricao','ipvafaixa','ipvaoperador','ipvadata','idtipoveiculo','idespecie','datainclusao','usuarioinclusao','idsessao','orig','dtca'}",logistica
b_detran_detrannet,rev_tipoveiculo,12,"{'idtipoveiculo','descricao','descricaoabreviada','codigoservicotaxaplaca','codigoservicoapreensao','codigoservicoreboque','placapequena','datainclusao','usuarioinclusao','idsessao','orig','dtca'}",logistica
b_detran_detrannet,rev_veiculo,80,"{'sequencia','chassi','idcidadepais','idsessao','renavam','idcategoria','idcombustivel','placa','idtipocarroceria','idcor','terminacao','idtipoveiculo','idespecie','idmarca','identmotor','identcaixa','identeixotraseiro','identeixoauxiliar','identcarroceria','anofabricacao','anomodelo','nacional','cilindrada','potencia','capacidadepassageiros','capacidadecarga','quantidadeeixos','cmt','pbt','rtb','databaixa','motivobaixa','ufbaixa','idcidadeufbaixa','observacao','remarcacao','datainclusao','usuarioinclusao','idpessoaproprietario','idpessoaalienacao','tipoalienacao','dataalienacao','dataaquisicao','placaanterior','ufanterior','idcidadepaisanterior','idpessoaproprietarioanterior','idpaisbaixa','idprocessoinicial','idprocessoatualizacao','numerocrv','tipocrv','controlecrv','dataemissaocrv','usuarioemissaocrv','lotelicenciamento','exerciciolicenciamento','vialicenciamento','controlelicenciamento','datalicenciamento','usuariolicenciamento','indicadorsituacao','idendereco','nomeproprietario','nomealienacao','nomeproprietarioanterior','pendentelacre','numerolacre','justificativa','placadianteira','tarjetadianteira','placatraseira','tarjetatraseira','placatraseiraextra','tarjetatraseiraextra','placamercosul','hodometro','datamedicaohodometro','orig','dtca'}",logistica
b_ibge_localidades,municipio,6,"{'codigo','nome','nome_uf','sigla_uf','origem','dt_dtca'}",localidade
b_ibge_localidades,pais,6,"{'codigo','nome','sigla_1','sigla_2','origem','dt_dtca'}",localidade
b_ibge_localidades,unidade_federativa,9,"{'codigo','nome','uf','codigo_regiao','nome_regiao','sigla_regiao','pais','origem','dt_dtca'}",localidade
b_lportalmt,cge_anexo,12,"{'anexoid','groupid','companyid','userid','username','modifieddate','entidadedonaid','anexo','contenttype','filename','orig','dtca'}",normas
b_lportalmt,cge_assuntopergunta,10,"{'assuntoid','groupid','companyid','userid','username','modifieddate','descricao','status','orig','dtca'}",normas
b_lportalmt,cge_empresassuspensas,27,"{'empresasuspensaid','groupid','companyid','userid','username','modifieddate','tipopessoaempresa','cpfcnpj','nome','uf','processo','complemento','publicacao','dispositivolegal','observacao','prazo','prazounidade','datatran','datainicio','datafim','orgao','uforgao','fonte','datapublicacao','sancaoid','orig','dtca'}",normas
b_lportalmt,cge_legislacao,20,"{'legislacaoid','groupid','companyid','userid','username','modifieddate','normaid','sistemaid','subsistemaid','numerolegislacao','datapublicacaodiariooficial','assunto','ementa','texto','observacoes','anexo','contenttype','filename','orig','dtca'}",normas
b_lportalmt,cge_norma,9,"{'normaid','groupid','companyid','userid','username','modifieddate','nome','orig','dtca'}",normas
b_lportalmt,cge_novo_anexo,12,"{'anexoid','groupid','companyid','userid','username','modifieddate','entidadedonaid','anexo','contenttype','filename','orig','dtca'}",normas
b_lportalmt,cge_novo_assuntopergunta,10,"{'assuntoid','groupid','companyid','userid','username','modifieddate','descricao','status','orig','dtca'}",normas
b_lportalmt,cge_novo_empresassuspensas,27,"{'empresasuspensaid','groupid','companyid','userid','username','modifieddate','tipopessoaempresa','cpfcnpj','nome','uf','processo','complemento','publicacao','dispositivolegal','observacao','prazo','prazounidade','datatran','datainicio','datafim','orgao','uforgao','fonte','datapublicacao','sancaoid','orig','dtca'}",normas
b_lportalmt,cge_novo_legislacao,20,"{'legislacaoid','groupid','companyid','userid','username','modifieddate','normaid','sistemaid','subsistemaid','numerolegislacao','datapublicacaodiariooficial','assunto','ementa','texto','observacoes','anexo','contenttype','filename','orig','dtca'}",normas
b_lportalmt,cge_novo_norma,9,"{'normaid','groupid','companyid','userid','username','modifieddate','nome','orig','dtca'}",normas
b_lportalmt,cge_novo_orgao,10,"{'orgaoid','groupid','companyid','userid','username','modifieddate','nome','status','orig','dtca'}",normas
b_lportalmt,cge_novo_orientacaotecnica,12,"{'orientacaotecnicaid','groupid','companyid','userid','username','modifieddate','numero','data_','titulo','resumo','orig','dtca'}",normas
b_lportalmt,cge_novo_perguntas,26,"{'perguntaid','groupid','companyid','userid','username','modifieddate','createddate','esfera','orgaoid','orgao','assuntoid','usuarioid','usuariorespondeuperguntaid','usuarioleuperguntaid','datacadastro','databaixapergunta','nomepergunta','emailpergunta','telefonepergunta','pergunta','ultimaresposta','status','statusemailrespondido','statuslido','orig','dtca'}",normas
b_lportalmt,cge_novo_perguntasfrequentes,12,"{'perguntafrequentesid','groupid','companyid','userid','username','modifieddate','pergunta','resposta','assuntoid','status','orig','dtca'}",normas
b_lportalmt,cge_novo_respostas,12,"{'respostaid','groupid','companyid','userid','username','modifieddate','createddate','perguntaid','mensagem','status','orig','dtca'}",normas
b_lportalmt,cge_novo_sancao,10,"{'sancaoid','groupid','companyid','userid','username','modifieddate','descricao','complemento','orig','dtca'}",normas
b_lportalmt,cge_novo_sistema,9,"{'sistemaid','groupid','companyid','userid','username','modifieddate','nome','orig','dtca'}",normas
b_lportalmt,cge_novo_subsistema,10,"{'subsistemaid','groupid','companyid','userid','username','modifieddate','nome','sistemaid','orig','dtca'}",normas
b_lportalmt,cge_orgao,10,"{'orgaoid','groupid','companyid','userid','username','modifieddate','nome','status','orig','dtca'}",normas
b_lportalmt,cge_orientacaotecnica,15,"{'orientacaotecnicaid','groupid','companyid','userid','username','modifieddate','numero','data_','titulo','resumo','anexo','contenttype','filename','orig','dtca'}",normas
b_lportalmt,cge_perguntas,26,"{'perguntaid','groupid','companyid','userid','username','modifieddate','createddate','esfera','orgaoid','orgao','assuntoid','usuarioid','usuariorespondeuperguntaid','usuarioleuperguntaid','datacadastro','databaixapergunta','nomepergunta','emailpergunta','telefonepergunta','pergunta','status','statusemailrespondido','statuslido','ultimaresposta','orig','dtca'}",normas
b_lportalmt,cge_perguntasfrequentes,12,"{'perguntafrequentesid','groupid','companyid','userid','username','modifieddate','pergunta','resposta','assuntoid','status','orig','dtca'}",normas
b_lportalmt,cge_respostas,12,"{'respostaid','groupid','companyid','userid','username','modifieddate','createddate','perguntaid','status','mensagem','orig','dtca'}",normas
b_lportalmt,cge_sancao,10,"{'sancaoid','groupid','companyid','userid','username','modifieddate','descricao','complemento','orig','dtca'}",normas
b_lportalmt,cge_sistema,9,"{'sistemaid','groupid','companyid','userid','username','modifieddate','nome','orig','dtca'}",normas
b_lportalmt,cge_subsistema,10,"{'subsistemaid','groupid','companyid','userid','username','modifieddate','nome','sistemaid','orig','dtca'}",normas
b_mti_lportalmt,cge_anexo,12,"{'anexoid','groupid','companyid','userid','username','modifieddate','entidadedonaid','anexo','contenttype','filename','orig','dtca'}",normas
b_mti_lportalmt,cge_assuntopergunta,10,"{'assuntoid','groupid','companyid','userid','username','modifieddate','descricao','status','orig','dtca'}",normas
b_mti_lportalmt,cge_empresassuspensas,27,"{'empresasuspensaid','groupid','companyid','userid','username','modifieddate','tipopessoaempresa','cpfcnpj','nome','uf','processo','complemento','publicacao','dispositivolegal','observacao','prazo','prazounidade','datatran','datainicio','datafim','orgao','uforgao','fonte','datapublicacao','sancaoid','orig','dtca'}",normas
b_mti_lportalmt,cge_legislacao,20,"{'legislacaoid','groupid','companyid','userid','username','modifieddate','normaid','sistemaid','subsistemaid','numerolegislacao','datapublicacaodiariooficial','assunto','ementa','texto','observacoes','anexo','contenttype','filename','orig','dtca'}",normas
b_mti_lportalmt,cge_norma,9,"{'normaid','groupid','companyid','userid','username','modifieddate','nome','orig','dtca'}",normas
b_mti_lportalmt,cge_novo_anexo,12,"{'anexoid','groupid','companyid','userid','username','modifieddate','entidadedonaid','anexo','contenttype','filename','orig','dtca'}",normas
b_mti_lportalmt,cge_novo_assuntopergunta,10,"{'assuntoid','groupid','companyid','userid','username','modifieddate','descricao','status','orig','dtca'}",normas
b_mti_lportalmt,cge_novo_empresassuspensas,27,"{'empresasuspensaid','groupid','companyid','userid','username','modifieddate','tipopessoaempresa','cpfcnpj','nome','uf','processo','complemento','publicacao','dispositivolegal','observacao','prazo','prazounidade','datatran','datainicio','datafim','orgao','uforgao','fonte','datapublicacao','sancaoid','orig','dtca'}",normas
b_mti_lportalmt,cge_novo_legislacao,20,"{'legislacaoid','groupid','companyid','userid','username','modifieddate','normaid','sistemaid','subsistemaid','numerolegislacao','datapublicacaodiariooficial','assunto','ementa','texto','observacoes','anexo','contenttype','filename','orig','dtca'}",normas
b_mti_lportalmt,cge_novo_norma,9,"{'normaid','groupid','companyid','userid','username','modifieddate','nome','orig','dtca'}",normas
b_mti_lportalmt,cge_novo_orgao,10,"{'orgaoid','groupid','companyid','userid','username','modifieddate','nome','status','orig','dtca'}",normas
b_mti_lportalmt,cge_novo_orientacaotecnica,12,"{'orientacaotecnicaid','groupid','companyid','userid','username','modifieddate','numero','data_','titulo','resumo','orig','dtca'}",normas
b_mti_lportalmt,cge_novo_perguntas,26,"{'perguntaid','groupid','companyid','userid','username','modifieddate','createddate','esfera','orgaoid','orgao','assuntoid','usuarioid','usuariorespondeuperguntaid','usuarioleuperguntaid','datacadastro','databaixapergunta','nomepergunta','emailpergunta','telefonepergunta','pergunta','ultimaresposta','status','statusemailrespondido','statuslido','orig','dtca'}",normas
b_mti_lportalmt,cge_novo_perguntasfrequentes,12,"{'perguntafrequentesid','groupid','companyid','userid','username','modifieddate','pergunta','resposta','assuntoid','status','orig','dtca'}",normas
b_mti_lportalmt,cge_novo_respostas,12,"{'respostaid','groupid','companyid','userid','username','modifieddate','createddate','perguntaid','mensagem','status','orig','dtca'}",normas
b_mti_lportalmt,cge_novo_sancao,10,"{'sancaoid','groupid','companyid','userid','username','modifieddate','descricao','complemento','orig','dtca'}",normas
b_mti_lportalmt,cge_novo_sistema,9,"{'sistemaid','groupid','companyid','userid','username','modifieddate','nome','orig','dtca'}",normas
b_mti_lportalmt,cge_novo_subsistema,10,"{'subsistemaid','groupid','companyid','userid','username','modifieddate','nome','sistemaid','orig','dtca'}",normas
b_mti_lportalmt,cge_orgao,10,"{'orgaoid','groupid','companyid','userid','username','modifieddate','nome','status','orig','dtca'}",normas
b_mti_lportalmt,cge_orientacaotecnica,15,"{'orientacaotecnicaid','groupid','companyid','userid','username','modifieddate','numero','data_','titulo','resumo','anexo','contenttype','filename','orig','dtca'}",normas
b_mti_lportalmt,cge_perguntas,26,"{'perguntaid','groupid','companyid','userid','username','modifieddate','createddate','esfera','orgaoid','orgao','assuntoid','usuarioid','usuariorespondeuperguntaid','usuarioleuperguntaid','datacadastro','databaixapergunta','nomepergunta','emailpergunta','telefonepergunta','pergunta','status','statusemailrespondido','statuslido','ultimaresposta','orig','dtca'}",normas
b_mti_lportalmt,cge_perguntasfrequentes,12,"{'perguntafrequentesid','groupid','companyid','userid','username','modifieddate','pergunta','resposta','assuntoid','status','orig','dtca'}",normas
b_mti_lportalmt,cge_respostas,12,"{'respostaid','groupid','companyid','userid','username','modifieddate','createddate','perguntaid','status','mensagem','orig','dtca'}",normas
b_mti_lportalmt,cge_sancao,10,"{'sancaoid','groupid','companyid','userid','username','modifieddate','descricao','complemento','orig','dtca'}",normas
b_mti_lportalmt,cge_sistema,9,"{'sistemaid','groupid','companyid','userid','username','modifieddate','nome','orig','dtca'}",normas
b_mti_lportalmt,cge_subsistema,10,"{'subsistemaid','groupid','companyid','userid','username','modifieddate','nome','sistemaid','orig','dtca'}",normas
b_prime_abastecimentos,abastecimentos,49,"{'posto','posto_razao','endereco','estado','cod_cliente','cod_terminal','latitude','longitude','cnpj','data','hora','kmatual','kmanterior','data_atualizacao_km','combustivel','valor','numerocartao','valorlitro','quantidadelitros','tipo_servico','codabastecimento','status','ultimaobservacaoabastecimento','placa','prefixo','modelo','baseveiculo','centrodecustoveiculo','marca','renavam','ano_veiculo','capacidade_tanque','nome_cidade','motorizacao','cor','chassi','kmhoraporlitro','kmhorarodado','tipofrota','condutor','registrocondutor','cnhcondutor','cpfcondutor','centrodecustocondutor','matricula_condutor','nomeservico','código cliente','origem','dt_dtca'}",logistica
b_prime_abastecimentos,abastecimentos_consolidado,39,"{'cod_venda','data','horario','prefixo_veiculo','placa','unidade','subunidade','combustivel','condutor','matricula','registro','posto','estado','endereco_posto','cidade','tipo_frota','marca','modelo_veiculo','tipo_veiculo','ano_veiculo','cidade_veiculo','cnpj_posto','temporario','km_horimetro','qtde_litro','preco_unitario','negociacao_posto','valor_bruto','preco_unitario_liquido','km_hora_litro','km_horas_rodadas','intervalo','tipo_venda','opcao_pagamento','simples_nacional','unidade_condutor','subunidade_condutor','origem','dt_dtca'}",logistica
b_prime_abastecimentos,abastecimentos_v1,29,"{'data','hora','km','km_anterior','numero_cartao','combustivel','qtde_combustivel_abastecido','valor_abastecimento','cidade_posto','nome_posto','endereco_posto','matricula_condutor','nome_condutor','unidade','sub_unidade','modelo','placa','prefixo','marca','renavam','ano','capacidade_tanque','chassi','cor','motorizacao','cidade_veiculo','centro_custo','origem','dt_dtca'}",logistica
b_prime_abastecimentos,abastecimentos_v2,39,"{'cod_venda','data','horario','prefixo_veiculo','placa','unidade','subunidade','combustivel','condutor','matricula','registro','posto','estado','endereco_posto','cidade','tipo_frota','marca','modelo_veiculo','tipo_veiculo','ano_veiculo','cidade_veiculo','cnpj_posto','temporario','km_horimetro','qtde_litro','preco_unitario','valor_bruto','negociacao_posto','preco_unitario_liquido','km_hora_litro','km_horas_rodadas','intervalo','tipo_venda','opcao_pagamento','simples_nacional','unidade_condutor','subunidade_condutor','origem','dt_dtca'}",logistica
b_prime_abastecimentos,abastecimentos_v3,40,"{'cod_venda','data','horario','prefixo_veiculo','placa','unidade','subunidade','combustivel','condutor','matricula','registro','posto','estado','endereco_posto','cidade','tipo_frota','marca','modelo_veiculo','tipo_veiculo','ano_veiculo','cidade_veiculo','cnpj_posto','temporario','km_horimetro','qtde_litro','preco_unitario','negociacao_posto','valor_bruto','preco_unitario_liquido','km_hora_litro','km_horas_rodadas','intervalo','tipo_venda','opcao_pagamento','simples_nacional','unidade_condutor','subunidade_condutor','origem','dt_dtca','hs_diff'}",logistica
b_receitafed_cnpj,cnae,4,"{'codigo','descricao','orig','dtca'}",pessoas
b_receitafed_cnpj,dados_simples,9,"{'cnpj_basico','opcao_simples','data_opcao_simples','data_exclusao_simples','opcao_mei','data_opcao_mei','data_exclusao_mei','orig','dtca'}",pessoas
b_receitafed_cnpj,empresa,9,"{'cnpj_basico','nome_empresarial','natureza_juridica','qualificacao_responsavel','capital_social','porte_empresa','ente_federativo_responsavel','orig','dtca'}",pessoas
b_receitafed_cnpj,estabelecimento,32,"{'cnpj_basico','cnpj_ordem','cnpj_dv','identificador_matriz_filial','nome_fantasia','situacao_cadastral','data_situacao_cadastral','motivo_situicao_cadastral','nome_cidade_exterior','pais','data_inicio_atividade','cnae_principal','cnae_secundaria','tipo_logradouro','logradouro','numero','complemento','bairro','cep','uf','municipio','ddd1','telefone1','ddd2','telefone2','ddd_fax','fax','email','situacao_especial','data_situacao_especial','orig','dtca'}",pessoas
b_receitafed_cnpj,municipio,4,"{'codigo','descricao','orig','dtca'}",pessoas
b_receitafed_cnpj,natureza_juridica,4,"{'codigo','descricao','orig','dtca'}",pessoas
b_receitafed_cnpj,pais,4,"{'codigo','descricao','orig','dtca'}",pessoas
b_receitafed_cnpj,qualificacao_socio,4,"{'codigo','descricao','orig','dtca'}",pessoas
b_receitafed_cnpj,socio,13,"{'cnpj_basico','identificador_socio','nome_socio','cnpj_cpf_socio','qualificacao_socio','data_entrada_sociedade','pais','representante_legal','nome_representante','qualificacao_representante','faixa_etaria','orig','dtca'}",pessoas
b_sefaz_fiplan,acwta0003,55,"{'cd_exercicio','cd_unidade_orcamentaria','ds_unidade_orcamentaria','flg_tipo_adm','cd_unidade_gestora','ds_unidade_gestora','numr_conta_corrente','codg_dotacao_orcamentaria','uo_dotacao_orcamentaria','cd_funcao','ds_funcao','cd_paoe','ds_paoe','cd_programa_governo','ds_programa_governo','cd_subfuncao','ds_subfuncao','cd_regional','ds_regional','cd_natureza_despesa','cd_modalidade_aplicacao','cd_fonte_recurso','flg_tipo_recurso','mes_lancamento','contra_partida','recurso_orcamentario','flg_tp_poder','dotacao_inicial','dotacao_suplementar','dotacao_especial','dotacao_extraordinaria','credito_remanejamento','reducao_dot_orc','reserva_empenho','credito_contingenciamento','credito_disponivel','emissao_empenho','despesa_liquidada','credito_empenhado_liquidar','credito_empenhado_pago','credito_empenhado_liquidado','dotacao_suplementar_add','reducao_dot_orc_add','destaque_recebido','destaque_concedido','dotacao_acrescimo_2011','reducao_dot_modal','dotacao_suplementar_2011','dotacao_especial_2011','dotacao_extraordinaria_2011','credito_remanejamento_2011','credito_disponivel_2011','uo_ds_dotacao_orcamentaria','orig','dtca'}",financeiro
b_sefaz_fiplan,acwtb0010,16,"{'codg_modalidade_licitacao','nome_modalidade','iden_versao','data_atualizacao','data_cadastro','flag_situacao','iden_modalidade_licitacao','cd_exercicio','flag_licitacao','flag_fundamento_legal','flag_base_legal','flag_pregao','flag_isencao','flag_contrato','orig','dtca'}",financeiro
b_sefaz_fiplan,acwtb0024,20,"{'iden_credor','flag_tipo_credor','ramo_atividade','data_cadastro','data_atualizacao','flag_fatura_cheque','iden_versao','id_usuario','flag_situacao','nome_raz_social','cpf_cnpj','flag_fisco_estadual','iden_categoria_credor','flag_liberacao_qsa','flag_consignacao_folha','flag_aprovacao_sefaz','flag_mandado_judicial','hist_categoria_credor','orig','dtca'}",financeiro
b_sefaz_fiplan,acwtb0025,17,"{'iden_credor_pessoa_juridica','id_unidade_gestora','iden_pessoa_juridica','iden_credor','iden_versao','flag_tipo_consignataria','flag_consignataria','flag_cheque_devolvido','data_cadastro','data_atualizacao','flag_pensao_alimenticia','flag_participacao_orcamento','flag_restricao_uso','flag_nivel_relacionamento','flag_credor_uo','orig','dtca'}",financeiro
b_sefaz_fiplan,acwtb0027,56,"{'numr_ped','cd_exercicio','data_ped','valr_ped','flag_tipo_empenho','flag_tipo_recurso_orcamentario','data_autorizacao','id_dotacao_orcamentaria','data_cadastro','historico_ped','flag_tipo_despesa','saldo_orcamentario_anterior','iden_ordenador_despesa_ug','iden_pad_natureza_despesa','numr_cac','iden_credor_lista','iden_transacao_contabil','iden_amparo_legal','iden_versao','id_usuario','flag_situacao','codg_modalidade_licitacao','iden_credor','data_atualizacao','numr_protocolo','flag_fisco_estadual','cd_exercicio_protocolo','flag_convenio','numr_processo_siag','numr_os','id_elemento_despesa','data_cadastro_autorizacao','data_licitacao','flag_licitacao_exercicio_ant','flag_licitacao_adesao_siag','numr_licitacao','ano_licitacao','flag_entr_imed_l8666_93_a62_i4','flag_contrato','justif_desp_sem_cobert_contrat','flag_base_legal','mes_folha_pagto','iden_modalidade_licitacao','iden_abj_natureza','numr_emenda_parlamentar','autor_emenda_parlamentar','ano_emenda_parlamentar','flag_obrig_patronal','flag_tipo_obrig_patronal','cd_exercicio_folha_pagto','sigla_processo_sigadoc','especie_documento_sigadoc','cd_exercicio_processo','numr_processo','orig','dtca'}",financeiro
b_sefaz_fiplan,acwtb0030,29,"{'numr_pad','cd_exercicio','flag_tipo_adiantamento','data_pad','data_limite_aplicacao_recurso','data_aprovacao','data_autorizacao','data_limite_prestacao_contas','historico_pad','data_cadastro','id_unidade_gestora','iden_credor','iden_gerente_responsavel','flag_situacao','iden_transacao_contabil','iden_ordenador_despesa_ug','iden_amparo_legal','id_usuario','iden_versao','data_cancelamento','data_atualizacao','iden_credor_lista','flag_base_legal','iden_subtipo_despesa','numr_cartao_pag_governo','flag_cad_integrada','numr_adiantamento_sicad','orig','dtca'}",financeiro
b_sefaz_fiplan,acwtb0046,9,"{'iden_conta_bancaria_ug','id_unidade_gestora','flag_situacao','iden_versao','iden_conta_bancaria_uo','data_cadastro','data_atualizacao','orig','dtca'}",financeiro
b_sefaz_fiplan,acwtb0050,11,"{'iden_pad_natureza_despesa','valr_adiantamento','flag_prestacao_contas','numr_pad','id_natureza_despesa','iden_versao','numr_bad','data_cadastro','data_atualizacao','orig','dtca'}",financeiro
b_sefaz_fiplan,acwtb0070,16,"{'iden_objeto','nome_objeto','desc_objeto','data_cadastro','autor_objeto','flag_situacao','nome_vo','data_atualizacao','desc_resumida','nome_ded','flag_tipo_objeto','flag_trigger','flag_trigger_enable','data_trigger_enable','orig','dtca'}",financeiro
b_sefaz_fiplan,acwtb0091,10,"{'iden_liq_subelemento','valr_liq_subelemento','numr_liq','id_subelemento_despesa','iden_versao','data_cadastro','data_atualizacao','percentual_ref','orig','dtca'}",financeiro
b_sefaz_fiplan,acwtb0107,32,"{'numr_emp','cd_exercicio','data_cadastro','data_emp','flag_situacao','numr_convenio','historico_emp','flag_transf_restos_pagar','iden_transacao_contabil','numr_ped','id_usuario','iden_versao','iden_credor','iden_ordenador_despesa_ug','valr_emp','exercicio_rp','flag_irp','data_atualizacao','iden_conta_bancaria','iden_finalidade','numr_ope','flag_despesas_processamento','numr_licitacao','ano_licitacao','id_fonte_recurso','numr_rpv','cd_exercicio_rpv','flag_rpv_vencidos','iden_contrato','uuid_emp_saff','orig','dtca'}",financeiro
b_sefaz_fiplan,acwtb0109,62,"{'numr_nob','cd_exercicio','data_cadastro','data_nob','data_ocorrencia','data_retorno','codg_retorno','valr_nob','observacao','historico_nob','numr_arquivo_lote','numr_arquivo_retorno','numr_relacao_pagamento','flag_situacao','flag_transmissao','flag_regularizacao_pagamento','flag_transmissao_eletronica','iden_pagamento_liq','iden_transacao_contabil','id_usuario','iden_versao','data_atualizacao','data_autoriz_estorno_nob_bb','id_usuario_autoriz_nob_bb','flag_autoriz_estorno_nob_bb','numr_obf','iden_subconta_ug','iden_conta_bancaria_ug','flag_nob_fatura_fato54','tipo_ob','historico_autoriza_estorno_nob','data_debito','flag_re_contabilizada','flag_tipo_transmissao','flag_forma_recebimento','iden_conta_corrente_credor','saldo_contabilizado','iden_agencia_bancaria_nota_mt','numr_conta_corrente_nota_mt','dv_cc_nota_mt','flag_depju','identif_depju','codg_retorno_cnab','iden_agencia_bancaria_cad','numr_conta_cad','data_credito','dv_conta_cad','qtd_dias_eficiencia','flag_nivel_eficiencia','numr_sequencial_portador','numr_arquivo_lote_cpg','data_ocorrencia_cpg','numr_arquivo_retorno_cpg','data_retorno_cpg','codg_retorno_cpg','observacao_retorno_cpg','flag_sit_transmissao_cpg','iden_conta_bancaria_uo_tf','numr_pac','uuid_nob_saff','orig','dtca'}",financeiro
b_sefaz_fiplan,acwtb0110,65,"{'numr_liq','cd_exercicio','historico_liq','data_liq','data_cadastro','valr_liq','valr_total_consignacoes','valr_credor_principal','valr_saldo_liquidar','valr_cpmf','valr_limite_prestacao_contas','numr_contrato','flag_situacao','flag_forma_pagamento','flag_liquidacao_escritural','flag_liquidacao_consignacoes','id_usuario','numr_emp','id_elemento_despesa','iden_transacao_contabil','iden_versao','data_atualizacao','iden_ordenador_despesa_ug','flag_liquidacao_integrada_seap','numr_os','numr_rip','data_autoriz_estorno_liq','flag_autoriz_estorno_liq','id_usuario_autoriz_liq','valr_saldo_empenhado_liquidaca','numr_medicao','ano_contrato_obra','iden_tipo_medicao','numr_contrato_ant','historico_complementar_liq','flag_detalhamento_despesa_ele','numero_medicao_despesa_gfo','tipo_medicao_gfo','codigo_vinculacao_gfo','flag_parcelada','cd_exerc_proc_financ_pagto','numr_processo_financ_pagto','flag_tipo_registro_sorteio','flag_liq_doc_fiscal','numr_processo_judicial','flag_bloqueio_ineficiencia','flag_aut_lib_inef','data_aut_lib_inef','data_aut_lib_sace','id_usuario_lib_inef','id_usuario_lib_sace','numr_sumula_condes','justificativa_inef','qtd_dias_eficiencia','flag_nivel_eficiencia','periodo_comp_despesa','flag_prestador_pfpj','flag_cat_ordem_cronologica','flag_sit_ordem_cronologica','sigla_processo_sigadoc','especie_documento_sigadoc','cd_exercicio_processo','numr_processo','orig','dtca'}",financeiro
b_sefaz_fiplan,acwtb0111,75,"{'iden_pagamento_liq','iden_versao','data_vencimento','data_liberacao','valr_pagamento','flag_tipo_pagamento','flag_forma_recebimento','flag_regularizacao_pagamento','flag_situacao_pagamento_liquid','flag_transmissao','numr_liq','iden_conta_corrente_credor','iden_subconta_ug','iden_conta_bancaria_ug','iden_liberador_ordenador_ug','id_usuario','iden_credor','data_cadastro','data_atualizacao','valr_rubrica_normal','valr_rubrica_diferenca','valr_rubrica_devolucao','flag_pagto_estrategico','flag_liberacao_sefaz','data_liberacao_sefaz','id_usuario_lib_sefaz','data_vencimento_fatura','codg_barra','numr_autenticacao','exercicio_competencia','mes_competencia','periodo_apuracao','numr_referencia','valr_documento','valr_desconto','valr_multa','valr_outras_entidades','valr_receita_bruta','valr_juros','percentual_receita_bruta','codg_contribuinte','nome_contribuinte','flag_tipo_contribuinte','flag_tipo_fatura','flag_subtipo_fatura','iden_tributo_federal','iden_pagamento_liq_origem','numr_nex','cd_exercicio','flag_depju','identif_depju','iden_chave_exclusao','iden_finalidade','valr_original','iden_parcelamento_liq_origem','iden_chave_parcelamento','flag_tipo_cancelamento','ug_gru','gestao_gru','iden_credor_nota_mt','iden_agencia_bancaria_nota_mt','numr_conta_corrente_nota_mt','dv_cc_nota_mt','flag_tipo_conta','iden_agencia_bancaria_cad','numr_conta_cad','flag_compensacao','dv_conta_cad','iden_conta_bancaria_tf','iden_pred_ordem_cron','iden_pred_ordem_cron_ori','codg_qrcode_pix','iden_info_arquivo','orig','dtca'}",financeiro
b_sefaz_fiplan,acwtb0261,37,"{'numr_os','cd_exercicio','localidade','motivo','data_inicio_viagem','data_retorno_viagem','data_prestacao_contas','qtde_diarias','metas_previstas','resultados_obtidos','flag_situacao','id_unidade_gestora','iden_credor','data_cadastro','data_atualizacao','iden_versao','flag_status','id_usuario','id_usuario_prest_contas','flag_desconto_folha','valr_os','numr_documento','flag_situacao_gcv','numr_os_gv','flag_tipo_motorista','id_unidade_orcamentaria_do','id_programa_governo','id_paoe','id_fonte_recurso','id_elemento_despesa','cpf_ordenador_despesa','codg_banco','codg_agencia_bancaria','numr_conta_corrente','dv_conta_corrente','orig','dtca'}",financeiro
b_sefaz_fiplan,acwtb0274,11,"{'iden_equivalencia_uo_seap','setor','iden_versao','flag_folha_especial','id_unidade_orcamentaria','orgao_seap','data_cadastro','data_atualizacao','cd_exercicio','orig','dtca'}",financeiro
b_sefaz_fiplan,acwtb0410,15,"{'iden_categoria_credor','codg_categoria_credor','flag_tipo_cadastro','nome_categoria_credor','flag_nivel_relacionamento','data_cadastro','data_atualizacao','iden_versao','flag_preenche_nome_fantasia','flag_preenche_natureza','flag_preenche_iss','flag_preenche_uo_ug','flag_orgao_entidade_publica','orig','dtca'}",entidade
b_sefaz_fiplan,acwtb0550,11,"{'iden_pacote_despesa','cd_exercicio','cd_pacote_despesa','ds_pacote_despesa','ds_sigla_pacote','id_usuario_inclusao','data_cadastro','iden_versao','data_atualizacao','orig','dtca'}",financeiro
b_sefaz_fiplan,acwtb0552,8,"{'iden_pacote_despesa_subelemen','iden_pacote_despesa','id_subelemento_despesa','data_cadastro','iden_versao','data_atualizacao','orig','dtca'}",financeiro
b_sefaz_fiplan,acwtb0579,14,"{'iden_subtipo_despesa','cd_exercicio','iden_tipo_despesa','codg_subtipo_despesa','nome_subtipo_despesa','flag_servicos_pf','id_usuario','data_cadastro','data_atualizacao','iden_versao','flag_situacao','flag_poder_executivo','orig','dtca'}",financeiro
b_sefaz_fiplan,acwtb0689,9,"{'iden_nob_subelemento','numr_nob','iden_liq_subelemento','valr_nob_subelemento','data_cadastro','data_atualizacao','iden_versao','orig','dtca'}",financeiro
b_sefaz_fiplan,dotacao_orcamentaria,42,"{'id_dotacao_orcamentaria','cd_exercicio','id_unidade_orcamentaria','id_funcao','id_subfuncao','id_programa_governo','id_paoe','id_unidade_gestora','id_regional','flg_esfera','id_natureza_despesa','id_fonte_recurso','id_identificador_contra_part','vl_proposto','vl_projeto_lei','vl_orcado_inicial','vl_suplementado','vl_anulado','vl_reservado','vl_empenhado','vl_liquidado','vl_pago','vl_bloqueado','id_versao','flag_tipo_recurso_orcamentario','valr_dotacao_recebida','valr_dotacao_concedida','valr_contingenciamento_reserva','codg_dotacao_orcamentaria','data_cadastro','data_atualizacao','id_dotacao_origem','valr_limite_antecipacao_ploa','valr_antecipar_ploa','flag_aprovacao_seplan','id_usuario_aprovacao_seplan','id_usuario_aprovacao_sefaz','data_aprovacao_seplan','id_dotacao_extinta','cd_exercicio_extincao','orig','dtca'}",financeiro
b_sefaz_fiplan,elemento_despesa,30,"{'id_elemento_despesa','cd_elemento_despesa','ds_elemento_despesa','ds_sigla','id_versao','cd_exercicio','flg_ind_contratos','flg_ind_inf_nota_fiscal','flg_ind_aval','flg_ind_desembolso_mes_pta','flg_elemento_patrimonial','flg_ind_regionalizacao_pta','flag_despesa_exerc_anteriores','flag_situacao','flag_tipo_contrato','flag_formalizacao_op_credito','flg_ind_elemento_patrimonial','data_cadastro','data_atualizacao','flag_integracao_sigpat','flag_integracao_siag','flag_led','flag_docto_fiscal','flag_docto_contrato','flag_docto_processo','flag_pta_con_teto_des_pri_cor','flag_desdobra_vpd_se','flag_ordem_cronologica','orig','dtca'}",financeiro
b_sefaz_fiplan,fonte_recurso,28,"{'id_fonte_recurso','cd_fonte_recurso','ds_fonte_recurso','ds_sigla','flg_vinculada','flg_ativo','flg_tipo_recurso','flg_func_fonte','id_versao','cd_exercicio','flag_concessao_orcamentaria','flag_planejamento','data_cadastro','data_atualizacao','flag_aprovacao_sefaz','flag_crd','flag_concessao_financeira','flag_exercicio_anterior','id_frecurso_exercicio_ant','flag_teto_financeiro','flag_fonte_recurso_sucessora','iden_fonte_recurso_siconfi','flag_pta_con_teto_des_pri_cor','iden_marcador_fonte','flag_regionalizacao','flag_perm_anul_rec_super','orig','dtca'}",financeiro
b_sefaz_fiplan,funcao,10,"{'id_funcao','cd_funcao','ds_funcao','ds_sigla','id_versao','cd_exercicio','data_cadastro','data_atualizacao','orig','dtca'}",financeiro
b_sefaz_fiplan,identificador_contra_partida,13,"{'id_identificador_contra_part','cd_exercicio','cd_identificador_contra_part','ds_identificador_contra_part','ds_sigla','id_versao','data_cadastro','data_atualizacao','flag_regionalizacao','flag_setorial_alt_iduso_suplementante','flag_setorial_alt_iduso_anulante','orig','dtca'}",financeiro
b_sefaz_fiplan,item_dominio,11,"{'id_item_dominio','id_dominio','cd_exercicio','cd_item_dominio','ds_item_dominio','id_versao','seqn_ordenacao','data_cadastro','data_atualizacao','orig','dtca'}",financeiro
b_sefaz_fiplan,natureza_despesa,20,"{'id_natureza_despesa','cd_exercicio','ds_natureza_despesa','ds_sigla','flg_status','id_grupo_despesa','id_modalidade_aplicacao','id_elemento_despesa','id_categoria_economica','id_versao','id_subelemento_despesa','id_natureza_despesa_ex','cd_natureza_despesa','data_cadastro','data_atualizacao','flag_aprovacao_sefaz','flag_situacao','flag_integracao_siag','orig','dtca'}",financeiro
b_sefaz_fiplan,orgao,17,"{'id_orgao','cd_exercicio','cd_orgao','ds_orgao','ds_res_orgao','ds_historico','flg_tp_poder','id_tipo_poder','ds_endereco','flg_ativo','id_versao','data_cadastro','data_atualizacao','flag_concessao_orcamentaria','flag_concessao_financeira','orig','dtca'}",entidade
b_sefaz_fiplan,paoe,46,"{'id_paoe','cd_exercicio','cd_paoe','ds_paoe','ds_sigla','id_subfuncao','id_produto','id_unidade_orcamentaria','id_programa_governo','ds_objetivo','flg_tipo','id_versao','flag_tipo_operacao_credito','flag_utilizacao_ppa_pta','justificativa','beneficios','fatores_criticos_sucesso','produtos','publico_alvo','flag_soma_produto','data_cadastro','data_atualizacao','flag_acao_abrangente','flag_obrigatoriedade_pta','flag_monitoramento','flag_processos_concomitantes','flag_acao_padronizada','id_unidade_medida','flag_prioritaria','desc_revisao_ppa','flag_cont_ppa_ant','id_paoe_ant','flag_acao_nao_orcamentaria','flag_consumo_teto_orc','iden_fonte_recurso_siconfi','flag_pta_con_teto_des_pri_cor','iden_publico_alvo','flag_acao_rpv','flag_permis_anula_contrapartid','flag_regionalizacao','flag_contribui_ods','flag_projeto_investimentos','flag_orcamento_tematico','flag_bloqueio_alo','orig','dtca'}",financeiro
b_sefaz_fiplan,programa_governo,45,"{'id_programa_governo','cd_exercicio','cd_programa_governo','ds_programa_governo','ds_sigla','id_objetivo_estrategico','flg_abrangencia','id_area_politica','ds_problema','ds_justificativa','ds_objetivo','ds_responsavel','id_unidade_orcamentaria','ds_publico_alvo','flg_varia_funcao','id_versao','flg_tipo_programa','id_funcao','flg_apoio_adm','flag_utilizacao_ppa_pta','exercicio_vigencia_ppa','id_usuario','data_cadastro','data_atualizacao','desc_just_indicador_rag','desc_analise_ppd_rag','desc_analise_cofd_rag','desc_execucao_programa_rag','desc_resultado_rag','desc_restricao_prov_rag','desc_outro_aspecto_relev_rag','desc_recomend_unidade_rag','desc_outro_prod_entregue_rag','flag_status_programa_rag','desc_revisao_ppa','iden_diretriz','flag_posicionamento_mapa','flag_cont_ppa_ant','id_programa_governo_ant','flag_programa_priorizado','flag_publico_alvo','flag_regionalizacao','flag_orcamento_tematico','orig','dtca'}",financeiro
b_sefaz_fiplan,regional,10,"{'id_regional','cd_regional','ds_regional','ds_sigla','id_versao','cd_exercicio','data_cadastro','data_atualizacao','orig','dtca'}",entidade
b_sefaz_fiplan,subelemento_despesa,22,"{'id_subelemento_despesa','cd_exercicio','id_elemento_despesa','ds_sigla','ds_subelemento','flg_lancto_contabil','flg_pregao','flg_adiantamento','flg_lancto_contabil_patrimonia','id_versao','flag_situacao','desc_interpretacao','data_cadastro','data_atualizacao','flag_subelemento_irp','flag_devolucao_bad','cd_subelemento','flag_antecipacao_abj','iden_subelemento_siconfi','flag_cat_ordem_cronologica_se','orig','dtca'}",financeiro
b_sefaz_fiplan,subfuncao,10,"{'id_subfuncao','cd_subfuncao','ds_subfuncao','ds_sigla','id_versao','cd_exercicio','data_cadastro','data_atualizacao','orig','dtca'}",financeiro
b_sefaz_fiplan,tipo_despesa,15,"{'id_tipo_despesa','cd_tipo_despesa','ds_tipo_despesa','id_versao','cd_exercicio','data_cadastro','data_atualizacao','flag_isento_td','flag_base_legal','flag_doc_fiscal_aqs_liq','flag_adiantamento','ds_historico','flag_nat_desp_excecao','orig','dtca'}",financeiro
b_sefaz_fiplan,unidade_gestora,18,"{'id_unidade_gestora','cd_exercicio','cd_unidade_gestora','ds_unidade_gestora','ds_sigla','flg_ativo','id_cidade','id_unidade_orcamentaria','id_versao','ds_responsavel','data_cadastro','data_atualizacao','flag_secretaria_executiva','id_ug_destino','flag_crd','id_ug_sucessora_ug_extinta','orig','dtca'}",entidade
b_sefaz_fiplan,unidade_orcamentaria,64,"{'id_unidade_orcamentaria','cd_unidade_orcamentaria','cd_exercicio','ds_unidade_orcamentaria','ds_sigla','id_tipoinst','ds_historico','flg_arh','flg_ativo','id_orgao','id_versao','id_cidade','flg_tipo_adm','flag_bloqueio_execucao_orc','flag_obrig_atualizacao_pta','responsavel','flag_integracao_gv','data_cadastro','data_atualizacao','id_usuario','flag_mes_contabil','id_area_politica','flag_pta','missao','flag_obrigatoriedade_rag','flag_processos_concomitantes','legislacao','flag_regionalizacao_pta','desc_nome_arquivo','flag_obrig_cpf_pta','flag_integracao_sigpat','flag_crd','flag_integracao_siag','iden_uo_patrimonial','desc_revisao_ppa','flag_trans_eletron_outro_poder','flag_teto_financeiro','flag_validacao_obf','iden_entidade_aplic','iden_legislacao','permissao_subelemento_zero','flag_carga_preliminar_exe_ant','iden_poder_orgao_siconfi','flag_bloqueio_execucao_pmd','valr_teto_desp_pri_cor','flag_bloqueio_pta','flag_bloqueio_pta_gerencial','flag_bloqueio_ppa','flag_bloqueio_ppa_revisao','flag_bloqueio_rotina_cred_adic','valr_teto_dpc_ppa','data_extincao_uo','flag_gera_aplic','flag_aprovacao_automatica_pmd','flag_regionalizacao','flag_teto_modelo_quadro_orc','flag_reg_obrig_intra_drc','flag_calculo_alt_regiao_alo','flag_integracao_sicad','flag_bloqueio_memoria_calculo','flag_carga_pos_encerramento','flag_uo_liberada_utilizacao_qualquer_tipo_alo','orig','dtca'}",entidade
b_sefaz_sigcon,mtc_conv_pc,48,"{'cpc_id','cpc_automatica','conv_id','cpc_dt_inicio','cpc_dt_fim','cpc_nr_oficio_encaminha','cpc_dt_oficio_encaminha','cpc_dt_envio','cpc_nr_processo','cpc_dt_processo','cpc_vl_concedente','cpc_vl_concedente_nf','cpc_vl_proponente','cpc_vl_proponente_nf','cpc_vl_aplic_finan','cpc_parcial_final','cpc_situacao','cpc_situacao_descricao','cpc_prazo','cpc_dt_esp','cpc_dt_analise','cpc_devolvida_motivo','cpc_devolvida_data','cpc_devolvida_usu','cpc_dirigente','cpc_ordem','cpc_ent_concede','cpc_ent_concede_cnpj','cpc_ent_proponente','cpc_ent_proponente_cnpj','cpc_dt_diligencia','cpc_dt_diligencia_final','cpc_dt_atualizacao','cpc_usu_atualizacao','cpc_flag_retorno','cpc_nr_oficio_notificacao','cpc_dt_oficio_notificacao','cpc_conteudo_oficio_notificacao','cpc_dt_envio_notificacao','cpc_usr_envio_notificacao','cpc_dt_recebe_notificacao','cpc_usr_recebe_notificacao','cpc_aceitar_notificacao','cpc_sit_fiscalizacao','cpc_complemento','cpc_dt_conclusao_analise_pc_final','rsrc','ldts'}",normas
b_sefaz_sigcon,mtc_conv_termos_aditivos,42,"{'cta_id','conv_id','cta_numero','cta_tipo','cta_exoficio','cta_objeto','cta_justificativa','cta_prop_dirigente','cta_prop_dirigente_cpf','cta_prop_dirigente_rg','cta_prop_dirigente_rg_exp','cta_prop_dirigente_rg_dt','cta_prop_dirigente_cargo','cta_prop_dirigente_funcao','cta_prop_dirigente_mat','cta_exec_dirigente','cta_exec_dirigente_cpf','cta_exec_dirigente_rg','cta_exec_dirigente_rg_exp','cta_exec_dirigente_rg_dt','cta_exec_dirigente_cargo','cta_exec_dirigente_funcao','cta_exec_dirigente_mat','cta_valor','cta_dt_inicio','cta_vigencia','cta_dt_prop_plan_trab','cta_parecer_concedente','cta_parecer_concedente_data','cta_parecer_concedente_obs','cta_dt_assinatura','cta_dt_publicacao','cta_dt_entrada','cta_ent_concede','cta_ent_concede_cnpj','cta_ent_proponente','cta_ent_proponente_cnpj','cta_dt_pedido','cta_recurso_financeiro','cta_recurso_nao_financeiro','rsrc','ldts'}",normas
b_sefaz_sigcon,mtc_convenios,140,"{'conv_id','conv_ingresso_repasse','conv_ent_concede','conv_ent_concede_cnpj','conv_ent_concede_endereco','conv_ent_concede_cidade','cid_id_concede','conv_ent_concede_uf','conv_ent_concede_cep','conv_ent_concede_esf_adm','conv_ent_prop','conv_ent_prop_cnpj','conv_ent_prop_endereco','conv_ent_prop_cidade','cid_id_prop','conv_ent_prop_uf','conv_ent_prop_cep','conv_ent_prop_ddd','conv_ent_prop_fone','conv_ent_prop_fax','conv_ent_prop_esf_adm','conv_ent_prop_dirigente','conv_ent_prop_dirigente_cpf','conv_ent_prop_dirigente_rg','conv_ent_prop_dirigente_rg_exp','conv_ent_prop_dirigente_rg_dt','conv_ent_prop_dirigente_cargo','conv_ent_prop_dirigente_funcao','conv_ent_prop_dirigente_mat','conv_executor_interveniente','conv_ent_exec','conv_ent_exec_cnpj','conv_ent_exec_endereco','conv_ent_exec_cidade','cid_id_exec','conv_ent_exec_uf','conv_ent_exec_cep','conv_ent_exec_ddd','conv_ent_exec_fone','conv_ent_exec_fax','conv_ent_exec_esf_adm','conv_ent_exec_dirigente','conv_ent_exec_dirigente_cpf','conv_ent_exec_dirigente_rg','conv_ent_exec_dirigente_rg_exp','conv_ent_exec_dirigente_rg_dt','conv_ent_exec_dirigente_cargo','conv_ent_exec_dirigente_funcao','conv_ent_exec_dirigente_mat','conv_banco','conv_agencia','conv_conta','conv_praca_pgto','conv_dt_abertura_conta','conv_banco2','conv_agencia2','conv_conta2','conv_praca_pgto2','conv_dt_abertura_conta2','conv_cod_siaf2','conv_titulo','conv_objeto','conv_resumo_objeto','conv_justificativa','conv_numero','conv_numero_proposta','conv_processo','conv_programa','conv_programa_estado','conv_projeto_atividade','conv_fonte1','conv_valor1','conv_fonte2','conv_valor2','conv_dt_inicio','conv_dt_termino','enu_id','conv_gestor_portaria_nr','conv_gestor_portaria_data','conv_gestor_portaria_doe','conv_dt_prop_plan_trab','conv_dt_assinatura','conv_dt_publicacao','conv_parecer_concedente','conv_parecer_concedente_obs','conv_dt_parecer','conv_parecer_seplan','conv_parecer_seplan_obs','conv_parecer_sefaz','conv_parecer_sefaz_obs','conv_cod_siaf','conv_dt_entrada','conv_usu_entrada','conv_dt_rescisao','conv_tipo_rescisao','conv_justificativa_rescisao','conv_vl_devolvido_rescisao','conv_cod_esfera','conv_cod_funcao','conv_cod_subfuncao','conv_cod_programa','conv_cod_acao','conv_cod_natureza1','conv_fonte1_cod','conv_cod_natureza2','conv_fonte2_cod','conv_parecer_aprovacao','conv_parecer_usuario','conv_devolvido','conv_motivo_devolucao','conv_parecer_generico','conv_parecer_generico_conteudo','conv_parecer_generico_tematico','conv_parecer_generico_devolv','conv_autoriza_pgt_concedente','conv_autoriza_pgt_concedente_descricao','conv_autoriza_pgt_concedente_usuario','conv_autoriza_pgt_concedente_data','conv_numero_siconv','conv_ano_siconv','conv_banco_aux','conv_banco_backup','conv_tipo_recurso','conv_recurso_financeiro','conv_recurso_nao_financeiro','conv_calamidade_publica','conv_emergencia','conv_dt_50perc_execucao','conv_dt_100perc_execucao','conv_perc_exec_fisica','conv_dt_exec_fisica','conv_dt_1o_pub_edital_licitacao','conv_dt_1o_assinatura_contrato','conv_dt_1o_ordem_servico','conv_municipio_habitantes','conv_numr_competencia','conv_numr_area','conv_numr_protocolo_sigadoc','rsrc','ldts'}",financeiro
b_sefaz_sigcon,mtc_plano_aplicacao,11,"{'pla_id','conv_id','pla_natureza','pla_descricao','pla_vl_concedente','pla_vl_concedente_nf','pla_vl_proponente','pla_vl_proponente_nf','cta_id','rsrc','ldts'}",normas
b_seplag_iomat,categoria_tipos,5,"{'id','nome','status','orig','dtca'}",normas
b_seplag_iomat,categorias,31,"{'id','grupo_categoria_id','nome','nome_completo','sigla','preco','parent_id','tarja_id','status','balcao','licitacao','concurso','categoria_tipo_id','preco_fixo','gratuita','ordem','ordem_old','nome_tarja','categoria_transparente','mostrar_sem_materia','texto_sem_materia','tarja_id_materia','filhos','ordem_completa','obs_tarja','formatador','lei_municipal','particular','preco_por_pagina','orig','dtca'}",normas
b_seplag_iomat,clientes,49,"{'id','nome','nome_fantasia','razao_social','tipo_pessoa','cpf_cnpj','data_criacao','telefone','email','status','materia_retroativa','vencimento_id','enviar_outros_clientes','cliente_classificacao_id','site','isento','substituto_tributario','horario_envio','isento_iss','editar_materia','remover_justificativa','remover_usuario','remover_data','reativar_justificativa','reativar_usuario','reativar_data','insc_estadual','insc_municipal','fatura_outros_clientes','identificador','assinante','outros_emails','telefone_legado','tipo_bloqueio','ativo_inicio','ativo_fim','telefone_adicional','ver_valor_publicacao','codigo_ug','data_nascimento','desconto_aprovado','sigla','casa_civil','aliquotas_ir','cod_integracao','aprovar_redacao','credito_publicacao','orig','dtca'}",pessoas
b_seplag_iomat,edicoes,26,"{'id','tipo_edicao_id','data','numpag','tamanho','custo','ano','numero','publica','assinado','data_publicada','publicada','capa','tipo_suplemento_id','hash','situacao','downloads','ativo','justificativa','sincronizada','clipping_enviado','whatsapp_enviado','telegram_enviado','destaque','orig','dtca'}",normas
b_seplag_iomat,grupo_categorias,48,"{'id','nome','ordem','pagina_numero_colunas','pagina_largura_colunas','pagina_largura','pagina_altura','pagina_margem_esquerda','pagina_margem_direita','pagina_distancia_colunas','fonte_nome','fonte_tamanho','fonte_tamanho_calculo','fonte_tabela_nome','fonte_tabela_tamanho','fonte_tabela_tamanho_calculo','fonte_html_nome','fonte_html_tamanho','mostrar_html','primeira_pagina','sumario','preco','fonte_bold','fonte_italic','fonte_underline','fonte_superscript','fonte_subscript','paragraph_alignment','paragraph_left_indent','paragraph_right_indent','paragraph_first_line_indent','paragraph_blank_line','paragraph_spacing_rule','paragraph_spacing','caderno_id','pagina_margem_superior','pagina_margem_inferior','reformat_pagina_numero_colunas','reformat_pagina_altura','reformat_pagina_largura','reformat_pagina_margem_esquerda','reformat_pagina_margem_direita','reformat_pagina_largura_colunas','reformat_pagina_margem_superior','reformat_pagina_margem_inferior','reformat_pagina_distancia_colunas','orig','dtca'}",normas
b_seplag_iomat,materia_datas,32,"{'id','materia_id','edicao_id','valor','valor_contabil','data','protocolo','situacao','orcamento_id','situacao_financeiro','justificativa','isenta','ordem','valor_manual','fatura_id','centimetragem_manual','pagina_inicial','pagina_final','tipo_suplemento_id','conferencia','observacao','justificativa_gratuidade','gratuita','hash','sumario_titulo','sumario_subtitulo','sumario_conteudo','pagina_inicial_caderno','pagina_final_caderno','materia_retificada_id','orig','dtca'}",normas
b_seplag_iomat,materia_metainfos,20,"{'id','envio_id','materia_id','materia_data_id','usuario_id','cliente_id','cliente_envio_id','vencimento_id','categoria_id','tipo_edicao_id','faturado','envio_data','origem','situacao','extensao','publicacao_data','protocolo','valor','orig','dtca'}",normas
b_seplag_iomat,materias,6,"{'id','titulo','arquivo_html','categoria_id','orig','dtca'}",normas
b_seplag_iomat,materias_html,5,"{'id','content_type','status_code','content','dlts'}",normas
b_seplag_pontofrequencian,tbcargo,6,"{'idcargo','dscargo','cbocargo','idcargoantigo','orig','dtca'}",pessoas
b_seplag_pontofrequencian,tbempresa,32,"{'idempresa','dsempresa','endereco','idstatus','horaentradamanhapadrao','horaentradatardepadrao','horasaidamanhapadrao','horasaidatardepadrao','cnpj','limiteentradasaida','padraohoraempresa','imgempresa','horapadraoalmoco','trabalhasabado','horassabado','empresarazao','empresacep','empresabairro','empresacidade','empresauf','empresalogradouro','empresacodigomunicipio','empresadtcadastro','empresaie','empresacnae','empresaatividade','empresadtinicio','empresatipoestabeleciomento','siglaempresa','codorgaoseap','orig','dtca'}",pessoas
b_seplag_pontofrequencian,tbentidade,7,"{'identidade','dsentidade','idstatus','vinculocodigo','identidadeantigo','orig','dtca'}",pessoas
b_seplag_pontofrequencian,tbfrequencia,36,"{'idfrequencia','idusuario','idmotivofalta','dtfrequencia','horaentramanha','horasaidamanha','horaentradatarde','horasaidatarde','obs','totalhorasdias','mesreferencia','justificado','anoreferencia','entradamanhajust','saidamanhajust','entradatardejust','saidatardejust','idtpjustificativa','turnojustificado','horaentramanhaservidor','horasaidamanhaservidor','horaentradatardeservidor','horasaidatardeservidor','idempresa','idvinculousuario','totalhorasdiasegundos','horaentradaaddnoturno','idsetor','idmotivofaltavesp','horaentradanoite','horasaidanoite','entradanoitejust','saidanoitejust','idmotivofaltanot','orig','dtca'}",pessoas
b_seplag_pontofrequencian,tbmotivofalta,7,"{'idmotivofalta','dsmotivofalta','idmotivofaltaantigo','abonarhoras','idstatus','orig','dtca'}",
b_seplag_pontofrequencian,tborgao,5,"{'idorgao','dsorgao','sigla','orig','dtca'}",pessoas
b_seplag_pontofrequencian,tbsetor,15,"{'idsetor','dssetor','idorgao','idstatus','sigla','entradamanha','saidamanha','entradatarde','saidatarde','idempresa','horasetor','idclientesig','idsetorantigo','orig','dtca'}",pessoas
b_seplag_pontofrequencian,tbusuario,46,"{'idusuario','idsetor','idstatus','identidade','dsusuario','login','dtcadastro','senha','dtexclusao','idtpusuario','senhaadmin','idcargo','tothorasdiarias','horaentradamanha','horaentradatarde','horasaidamanha','horasaidatarde','primeironome','primeiroacesso','senhadigital','acessoespecial','senha2','senha3','idempresa','fotousuario','texthashcode','dtnascimento','dtadmissao','pis','rg','dtrg','referenciarep','idusuarioantigo','dashboardcorporativo','cadastradigital','finalizadiaseguinte','idtpregimehora','idregimehora','telefonesms','matricula','horaentradanoite','horasaidanoite','errosenha','senhaantiga','orig','dtca'}",
b_seplag_pontofrequencian,tbvinculousuario,27,"{'idvinculousuario','idempresa','idusuario','idregimehora','idtpusuario','idstatus','idsetor','dtiniciovinculo','idcargo','identidade','horaentradamanha','horaentradatarde','horasaidamanha','horasaidatarde','acessodashboards','manutencaodigital','texthashcode','idempresaopcional','idsetorprioritario','vinculo','temp','dtalteracaovinculo','horaentradanoite','horasaidanoite','totalhorasemanal','orig','dtca'}",pessoas
b_seplag_seap,cargos_,73,"{'cargo','nome','categoria','subcategoria','dt_extincao','controle_vaga','por_refer','e_aglutinador','cargo_aglut','tipo_cargo','cargo_funcao','escolaridade','flex_campo_01','flex_campo_02','flex_campo_03','flex_campo_04','flex_campo_05','flex_campo_06','flex_campo_07','flex_campo_08','flex_campo_09','flex_campo_10','flex_campo_11','flex_campo_12','flex_campo_13','flex_campo_14','flex_campo_15','flex_campo_16','flex_campo_17','flex_campo_18','flex_campo_19','flex_campo_20','flex_campo_21','flex_campo_22','flex_campo_23','flex_campo_24','flex_campo_25','flex_campo_26','flex_campo_27','flex_campo_28','flex_campo_29','flex_campo_30','flex_campo_31','flex_campo_32','flex_campo_33','flex_campo_34','flex_campo_35','flex_campo_36','flex_campo_37','flex_campo_38','flex_campo_39','flex_campo_40','flex_campo_41','flex_campo_42','flex_campo_43','flex_campo_44','flex_campo_45','flex_campo_46','flex_campo_47','flex_campo_48','flex_campo_49','flex_campo_50','pontpubl','flex_campo_51','flex_campo_52','flex_campo_53','flex_campo_54','flex_campo_55','dt_controle_acum','pontlei','dt_inicio_contr_vaga','orig','dtca'}",pessoas
b_seplag_seap,codigos_freq_,49,"{'tipofreq','codigo','nome','mnemonico','nome_abrev','via_frequencia','onus','qtd_faltas','qtdmin','qtdmax','afastamento','flex_campo_01','flex_campo_02','flex_campo_03','flex_campo_04','flex_campo_05','tipo_preenchimento','formato_qtd','hora_entrada_saida','pontlei','regras_freq','flex_campo_06','flex_campo_07','flex_campo_08','flex_campo_09','flex_campo_10','sexo','flex_campo_11','flex_campo_12','flex_campo_13','flex_campo_14','flex_campo_15','flex_campo_16','flex_campo_17','flex_campo_18','flex_campo_19','flex_campo_20','flex_campo_21','flex_campo_22','flex_campo_23','flex_campo_24','flex_campo_25','flex_campo_26','flex_campo_27','flex_campo_28','flex_campo_29','flex_campo_30','orig','dtca'}",pessoas
b_seplag_seap,empresas,56,"{'empresa','nome','fantasia','razao','cgc','numender','complemento','cep','ddd','fone','email','web','fax','caixa_postal','ativ_econ','cnae','nat_jur','responsavel','cpf_resp','cgc_declarante','municipio_codigo','uf_sigla','mbairro_codigo','log_codigo','ramal','banco','agencia','conta','flex_campo_01','flex_campo_02','flex_campo_03','flex_campo_04','flex_campo_05','flex_campo_06','flex_campo_07','flex_campo_08','flex_campo_09','flex_campo_10','flex_campo_11','flex_campo_12','flex_campo_13','flex_campo_14','flex_campo_15','flex_campo_16','flex_campo_17','flex_campo_18','flex_campo_19','flex_campo_20','pontpubl','id_documento','tipologradouro','nomelogradouro','municipio','pontproc','orig','dtca'}",entidade
b_seplag_seap,erg_abonos_ferias,24,"{'numfunc','numvinc','chaveperaqfer','dtvenda','dias_vendidos','emp_codigo','data_pagto','flex_campo_01','flex_campo_02','flex_campo_03','flex_campo_04','flex_campo_05','flex_campo_06','flex_campo_07','flex_campo_08','flex_campo_09','flex_campo_10','flex_campo_11','flex_campo_12','flex_campo_13','flex_campo_14','flex_campo_15','orig','dtca'}",pessoas
b_seplag_seap,erg_aposentadoria,48,"{'numfunc','numvinc','dtini','dtfim','tipoapos','dt_homolog','pontlei','pontpubl','emp_codigo','anostrab','diastrab','anosapos','obs','fracao1','fracao2','fimapos_cargo','fimapos_formaprov','fimapos_setor','fimapos_referencia','fimapos_jornada','fimapos_numero_vaga','flex_campo_01','flex_campo_02','flex_campo_03','flex_campo_04','flex_campo_05','flex_campo_06','flex_campo_07','flex_campo_08','flex_campo_09','flex_campo_10','flex_campo_11','flex_campo_12','flex_campo_13','flex_campo_14','flex_campo_15','flex_campo_16','flex_campo_17','flex_campo_18','flex_campo_19','flex_campo_20','oper','id_reg','fimapos_tipoevento','id_proc_pes','pontarqs','orig','dtca'}",pessoas
b_seplag_seap,erg_contdobro_ferias,13,"{'numfunc','numvinc','chaveperaqfer','dtcont','dias_cont','emp_codigo','flex_campo_01','flex_campo_02','flex_campo_03','flex_campo_04','flex_campo_05','orig','dtca'}",pessoas
b_seplag_seap,erg_contdobro_licesp,13,"{'numfunc','numvinc','chaveperaqlesp','dtcont','dias_cont','emp_codigo','flex_campo_01','flex_campo_02','flex_campo_03','flex_campo_04','flex_campo_05','orig','dtca'}",pessoas
b_seplag_seap,erg_venda_licesp,13,"{'numfunc','numvinc','chaveperaqlesp','dtvenda','dias_vendidos','emp_codigo','flex_campo_01','flex_campo_02','flex_campo_03','flex_campo_04','flex_campo_05','orig','dtca'}",pessoas
b_seplag_seap,erg_vw_carga_consig,46,"{'numfunc','numvinc','numpens','rubrica','especie','dtini','dtfim','parcelas','tipo_pagamento','valor','credor','banco','agencia','conta','obs','flex_campo_01','flex_campo_02','flex_campo_03','flex_campo_04','flex_campo_05','emp_codigo','flex_campo_06','flex_campo_07','flex_campo_08','flex_campo_09','flex_campo_10','flex_campo_11','flex_campo_12','flex_campo_13','flex_campo_14','flex_campo_15','flex_campo_16','flex_campo_17','flex_campo_18','flex_campo_19','flex_campo_20','flex_campo_21','flex_campo_22','flex_campo_23','flex_campo_24','flex_campo_25','chave_checagem','linha_arquivo','origem','orig','dtca'}",financeiro
b_seplag_seap,especie_cons,9,"{'especie','nome','flex_campo_01','flex_campo_02','flex_campo_03','flex_campo_04','flex_campo_05','orig','dtca'}",pessoas
b_seplag_seap,evento_func,110,"{'numev','numfunc','numvinc','tipoevento','formaprov','dtini','dtfim','dtinirem','dtfimrem','cargo','setor','referencia','jornada','horariotrab','numev_tit','numfunc_tit','numvinc_tit','numero_vaga','pontpubl','obs','pontlei','tipo_subst','flex_campo_01','flex_campo_02','flex_campo_03','flex_campo_04','flex_campo_05','flex_campo_06','flex_campo_07','flex_campo_08','flex_campo_09','flex_campo_10','emp_codigo','param_id','id_reg','flex_campo_11','flex_campo_12','flex_campo_13','flex_campo_14','flex_campo_15','flex_campo_16','flex_campo_17','flex_campo_18','flex_campo_19','flex_campo_20','flex_campo_21','flex_campo_22','flex_campo_23','flex_campo_24','flex_campo_25','flex_campo_26','flex_campo_27','flex_campo_28','flex_campo_29','flex_campo_30','flex_campo_31','flex_campo_32','flex_campo_33','flex_campo_34','flex_campo_35','flex_campo_36','flex_campo_37','flex_campo_38','flex_campo_39','flex_campo_40','flex_campo_41','flex_campo_42','flex_campo_43','flex_campo_44','flex_campo_45','flex_campo_46','flex_campo_47','flex_campo_48','flex_campo_49','flex_campo_50','flex_campo_51','flex_campo_52','flex_campo_53','flex_campo_54','flex_campo_55','flex_campo_56','flex_campo_57','flex_campo_58','flex_campo_59','flex_campo_60','flex_campo_61','flex_campo_62','flex_campo_63','flex_campo_64','flex_campo_65','flex_campo_66','flex_campo_67','flex_campo_68','flex_campo_69','flex_campo_70','flex_campo_71','flex_campo_72','flex_campo_73','flex_campo_74','flex_campo_75','flex_campo_76','flex_campo_77','flex_campo_78','flex_campo_79','flex_campo_80','id_ingresso','pontproc','pontarqs','orig','dtca'}",pessoas
b_seplag_seap,ferias,43,"{'numfunc','numvinc','chaveperaqfer','dtini','dtfim','abono','adiantdterc','adiantsal','emprestimo','totdias','inifimabono','obs','mes_ano_folha','numfolha','pontpubl','dtprevfim','abono_const','flex_campo_01','flex_campo_02','flex_campo_03','flex_campo_04','flex_campo_05','pontlei','emp_codigo','id_reg','flex_campo_06','flex_campo_07','flex_campo_08','flex_campo_09','flex_campo_10','flex_campo_11','flex_campo_12','flex_campo_13','flex_campo_14','flex_campo_15','flex_campo_16','flex_campo_17','flex_campo_18','flex_campo_19','flex_campo_20','pontarqs','orig','dtca'}",pessoas
b_seplag_seap,fichas_financeiras,18,"{'mes_ano_folha','num_folha','lancamento','numfunc','numvinc','numpens','mes_ano_direito','rubrica','tipo_rubrica','desc_vant','complemento','valor','correcao','execucao','emp_codigo','info','orig','dtca'}",financeiro
b_seplag_seap,fichas_rubricas,15,"{'ficha','linha','rubrica','tipo_rubrica','mes_ano_direito','desc_vant','valor','complemento','info','correcao','sub_cc','desc_vant_benef','itens_comp_calc','orig','dtca'}",financeiro
b_seplag_seap,fichas_vinculos,14,"{'ficha','mes_ano_folha','num_folha','numfunc','numvinc','numpens','info','emp_codigo','subemp_codigo','execucao','finalidade_calculo','emp_cod_origem','orig','dtca'}",financeiro
b_seplag_seap,fitabanco,81,"{'lancamento','numfunc','numvinc','mes_ano','numero','rubrica','setor','valorvan','valordes','numpens','numdepen','agencia','banco','conta','valorliq','tipopag','cargo','referencia','centro_custo','funcao','nome','sindicato','lote','emp_codigo','ficha','regimejur','tipovinc','dtexerc','dtaposent','dtvac','categoria','subemp_codigo','data_credito','numrep','emp_codigo_vinc','jornada','subcategoria','cpf','subemp_codigo_gfip','flex_campo_01','flex_campo_02','flex_campo_03','flex_campo_04','flex_campo_05','flex_campo_06','flex_campo_07','flex_campo_08','flex_campo_09','flex_campo_10','flex_campo_11','flex_campo_12','flex_campo_13','flex_campo_14','flex_campo_15','flex_campo_16','flex_campo_17','flex_campo_18','flex_campo_19','flex_campo_20','flex_campo_21','flex_campo_22','flex_campo_23','flex_campo_24','flex_campo_25','flex_campo_26','flex_campo_27','flex_campo_28','flex_campo_29','flex_campo_30','numjur','id_pessoa','tipo_pessoa','sub_cc','nome_rep','cpf_rep','tipopag_rep','banco_rep','agencia_rep','conta_rep','orig','dtca'}",financeiro
b_seplag_seap,folhas,56,"{'mes_ano','numero','tipo_folha','nome','data_aber','data_proc','data_consol','responsavel','tipo_calculo','data_credito','destino','mes_principal','meses_retro','meses_retro_full','meses_adiant','expiracao','empcod','flex_campo_01','flex_campo_02','flex_campo_03','flex_campo_04','flex_campo_05','meses_pre_ergon','flex_campo_06','flex_campo_07','flex_campo_08','flex_campo_09','flex_campo_10','data_geracao_fitabanco','grupo_empresas','numero_sec','flex_campo_11','flex_campo_12','flex_campo_13','flex_campo_14','flex_campo_15','flex_campo_16','flex_campo_17','flex_campo_18','flex_campo_19','flex_campo_20','classe_calculo','data_geraeleitos','data_geraeleitos_ant','classe_estorno','data_limites','id_grupo_fol_seg','numero_terc','id_reg','lista_fol_sec','lista_fol_terc','numfolha_primaria','grupo_gravacao_ficha','finalidade_calculo','orig','dtca'}",financeiro
b_seplag_seap,folhas_emp,56,"{'mes_ano','numero','emp_codigo','tipo_folha','nome','data_aber','mes_principal','meses_retro','meses_retro_full','meses_adiant','meses_pre_ergon','data_proc','data_consol','responsavel','tipo_calculo','data_credito','destino','expiracao','flex_campo_01','flex_campo_02','flex_campo_03','flex_campo_04','flex_campo_05','flex_campo_06','flex_campo_07','flex_campo_08','flex_campo_09','flex_campo_10','data_geracao_fitabanco','flex_campo_11','flex_campo_12','flex_campo_13','flex_campo_14','flex_campo_15','flex_campo_16','flex_campo_17','flex_campo_18','flex_campo_19','flex_campo_20','numero_sec','grupo_empresas','classe_calculo','data_geraeleitos','data_geraeleitos_ant','classe_estorno','data_limites','id_grupo_fol_seg','numero_terc','id_reg','lista_fol_sec','lista_fol_terc','numfolha_primaria','grupo_gravacao_ficha','finalidade_calculo','orig','dtca'}",financeiro
b_seplag_seap,frequencias,68,"{'numfunc','numvinc','dtini','dtfim','tipofreq','codfreq','quantidade','pontpubl','obs','flex_campo_01','flex_campo_02','flex_campo_03','flex_campo_04','flex_campo_05','pontlei','emp_codigo','hora_entrada','hora_saida','id_reg','flex_campo_06','flex_campo_07','flex_campo_08','flex_campo_09','flex_campo_10','flex_campo_11','flex_campo_12','flex_campo_13','flex_campo_14','flex_campo_15','flex_campo_16','flex_campo_17','flex_campo_18','flex_campo_19','flex_campo_20','flex_campo_21','flex_campo_22','flex_campo_23','flex_campo_24','flex_campo_25','flex_campo_26','flex_campo_27','flex_campo_28','flex_campo_29','flex_campo_30','flex_campo_31','flex_campo_32','flex_campo_33','flex_campo_34','flex_campo_35','flex_campo_36','flex_campo_37','flex_campo_38','flex_campo_39','flex_campo_40','flex_campo_41','flex_campo_42','flex_campo_43','flex_campo_44','flex_campo_45','flex_campo_46','flex_campo_47','flex_campo_48','flex_campo_49','flex_campo_50','pontproc','pontarqs','orig','dtca'}",pessoas
b_seplag_seap,funcionarios,198,"{'numero','nome','sexo','dtnasc','cidnasc','ufnasc','g_sanguineo','pai','mae','estcivil','escolaridade','nacionalidade','chegbrasil','ufempant','anoprimemp','numrg','tiporg','orgaorg','ufrg','cpf','numcartpro','sercartpro','ufcartpro','numtitel','zonatitel','sectitel','uftitel','numdocmili','serdocmili','catmili','cnh','catcnh','validcnh','ufcnh','pispasep','datapis','bancopis','informarbb','identprof','tipoidprof','tipologender','nomelogender','numender','complender','bairroender','cidadeender','ufender','cepender','telefone','banco','agencia','conta','tipopag','pontpubl','num_cert','livro_a_cert','folha_cert','cartorio_cert','ramal','tratamento','dt_recadast','e_mail','numtel_celular','flex_campo_01','flex_campo_02','flex_campo_03','flex_campo_04','flex_campo_05','flex_campo_06','flex_campo_07','flex_campo_08','flex_campo_09','flex_campo_10','flex_campo_11','flex_campo_12','flex_campo_13','flex_campo_14','flex_campo_15','flex_campo_16','flex_campo_17','flex_campo_18','flex_campo_19','flex_campo_20','flex_campo_21','flex_campo_22','flex_campo_23','flex_campo_24','flex_campo_25','flex_campo_26','flex_campo_27','flex_campo_28','flex_campo_29','flex_campo_30','flex_campo_31','flex_campo_32','flex_campo_33','flex_campo_34','flex_campo_35','flex_campo_36','flex_campo_37','flex_campo_38','flex_campo_39','flex_campo_40','raca','deficiente','flag_web','uf_cart','municipio_cart','tipodoc_cert','uf_identprof','tipodoc_cert_fim','dt_cert_fim','num_cert_fim','livro_cert_fim','folha_cert_fim','cartorio_cert_fim','uf_cart_fim','municipio_cart_fim','expedrg','orgaomili','ufdocmili','tipodefic','flex_campo_41','flex_campo_42','flex_campo_43','flex_campo_44','flex_campo_45','flex_campo_46','flex_campo_47','flex_campo_48','flex_campo_49','flex_campo_50','id_reg','gera_pasep','sercartaux','us','matricula_cert','matricula_cert_fim','flex_campo_51','flex_campo_52','flex_campo_53','flex_campo_54','flex_campo_55','flex_campo_56','flex_campo_57','flex_campo_58','flex_campo_59','flex_campo_60','flex_campo_61','flex_campo_62','flex_campo_63','flex_campo_64','flex_campo_65','flex_campo_66','flex_campo_67','flex_campo_68','flex_campo_69','flex_campo_70','flex_campo_71','flex_campo_72','flex_campo_73','flex_campo_74','flex_campo_75','flex_campo_76','flex_campo_77','flex_campo_78','flex_campo_79','flex_campo_80','flex_campo_81','flex_campo_82','flex_campo_83','flex_campo_84','flex_campo_85','flex_campo_86','flex_campo_87','flex_campo_88','flex_campo_89','flex_campo_90','flex_campo_91','flex_campo_92','flex_campo_93','flex_campo_94','flex_campo_95','id_pessoa','flex_campo_96','flex_campo_97','flex_campo_98','flex_campo_99','flex_campo_100','catmili_aux','municipio_cart_cod','municipio_cart_fim_cod','cidadeender_cod','cidnasc_cod','nome_busca','pontarqs','orig','dtca'}",pessoas
b_seplag_seap,hsetor_,106,"{'dataini','setor','nomesetor','paisetor','tiposetor','datafim','tipolog','emp_codigo','subemp_codigo','nomelog','numerolog','complemento','bairro','cep','cidade','uf','fone','fax','centro_custo','tipoacesso','tipologia','obs','mbairro_municipio_codigo','mbairro_codigo','cgc','hlocal','paisetor1','paisetor2','paisetor3','paisetor4','flex_campo_01','flex_campo_02','flex_campo_03','flex_campo_04','flex_campo_05','extinto','flex_campo_06','flex_campo_07','flex_campo_08','flex_campo_09','flex_campo_10','flex_campo_11','flex_campo_12','flex_campo_13','flex_campo_14','flex_campo_15','flex_campo_16','flex_campo_17','flex_campo_18','flex_campo_19','flex_campo_20','flex_campo_21','flex_campo_22','flex_campo_23','flex_campo_24','flex_campo_25','flex_campo_26','flex_campo_27','flex_campo_28','flex_campo_29','flex_campo_30','pontpubl','nomesetorlongo','flex_campo_31','flex_campo_32','flex_campo_33','flex_campo_34','flex_campo_35','flex_campo_36','flex_campo_37','flex_campo_38','flex_campo_39','flex_campo_40','flex_campo_41','flex_campo_42','flex_campo_43','flex_campo_44','flex_campo_45','flex_campo_46','flex_campo_47','flex_campo_48','flex_campo_49','flex_campo_50','flex_campo_51','flex_campo_52','flex_campo_53','flex_campo_54','flex_campo_55','flex_campo_56','flex_campo_57','flex_campo_58','flex_campo_59','flex_campo_60','flex_campo_61','flex_campo_62','flex_campo_63','flex_campo_64','flex_campo_65','flex_campo_66','flex_campo_67','flex_campo_68','flex_campo_69','flex_campo_70','cidade_cod','orig','dtca'}",entidade
b_seplag_seap,lic_afast,83,"{'numfunc','numvinc','dtini','dtfim','tipofreq','codfreq','motivo','pontpubl','dtprevfim','flex_campo_01','flex_campo_02','flex_campo_03','flex_campo_04','flex_campo_05','pontlei','emp_codigo','flex_campo_06','flex_campo_07','flex_campo_08','flex_campo_09','flex_campo_10','id_reg','reqlicafast','resultpront','flex_campo_11','flex_campo_12','flex_campo_13','flex_campo_14','flex_campo_15','flex_campo_16','flex_campo_17','flex_campo_18','flex_campo_19','flex_campo_20','flex_campo_21','flex_campo_22','flex_campo_23','flex_campo_24','flex_campo_25','flex_campo_26','flex_campo_27','flex_campo_28','flex_campo_29','flex_campo_30','flex_campo_31','flex_campo_32','flex_campo_33','flex_campo_34','flex_campo_35','flex_campo_36','flex_campo_37','flex_campo_38','flex_campo_39','flex_campo_40','flex_campo_41','flex_campo_42','flex_campo_43','flex_campo_44','flex_campo_45','pontproc','flex_campo_46','flex_campo_47','flex_campo_48','flex_campo_49','flex_campo_50','flex_campo_51','flex_campo_52','flex_campo_53','flex_campo_54','flex_campo_55','flex_campo_56','flex_campo_57','flex_campo_58','flex_campo_59','flex_campo_60','flex_campo_61','flex_campo_62','flex_campo_63','flex_campo_64','flex_campo_65','pontarqs','orig','dtca'}",pessoas
b_seplag_seap,lic_esp,35,"{'numfunc','numvinc','chaveperaqlesp','dtini','dtfim','abono','pontpubl','dtprevfim','obs','flex_campo_01','flex_campo_02','flex_campo_03','flex_campo_04','flex_campo_05','pontlei','emp_codigo','id_reg','flex_campo_06','flex_campo_07','flex_campo_08','flex_campo_09','flex_campo_10','flex_campo_11','flex_campo_12','flex_campo_13','flex_campo_14','flex_campo_15','flex_campo_16','flex_campo_17','flex_campo_18','flex_campo_19','flex_campo_20','pontarqs','orig','dtca'}",pessoas
b_seplag_seap,peraqfer,57,"{'numfunc','numvinc','chave','dtini','dtfim','totdias','faltas','obs','pontpubl','dt_prescricao','dt_pgto_c_multa','flex_campo_01','flex_campo_02','flex_campo_03','flex_campo_04','flex_campo_05','pontlei','emp_codigo','maxperfer','minperfer','maxdiasperfer','mindiasperfer','abono_dir_gozo','abonoconstfer','adiant13fer','adiantsalfer','emprestfer','maxdiasvendfer','mindiaspvendfer','numdiasabonofer','dendiasabonofer','flex_campo_06','flex_campo_07','flex_campo_08','flex_campo_09','flex_campo_10','permite_fer_este_per','contdobroferias','min_dias_peraqfer','max_dias_peraqfer','exercicio','sem_pgto_multa','flex_campo_11','flex_campo_12','flex_campo_13','flex_campo_14','flex_campo_15','flex_campo_16','flex_campo_17','flex_campo_18','flex_campo_19','flex_campo_20','mindiasperprincfer','dtprescricao','pontarqs','orig','dtca'}",pessoas
b_seplag_seap,peraqlicesp,38,"{'numfunc','numvinc','chave','dtini','dtfim','dias_direito','pontpubl','dt_prescricao','dt_cnt_dobro','obs','flex_campo_01','flex_campo_02','flex_campo_03','flex_campo_04','flex_campo_05','pontlei','emp_codigo','meseslicespper','anoslicesp','abonodirgozolicesp','numdiasabonolicesp','dendiasabonolicesp','vendlicesp','mindiaspvendlicesp','maxdiasvendlicesp','contdobrolicesp','mindiaspcontdoblicesp','maxdiascontdoblicesp','flex_campo_06','flex_campo_07','flex_campo_08','flex_campo_09','flex_campo_10','id_reg','perm_gozo_licesp_ant_fim_pe','pontarqs','orig','dtca'}",pessoas
b_seplag_seap,rh_calendario,6,"{'tipocalend','evento','dia','descricao','orig','dtca'}",pessoas
b_seplag_seap,rub_especie_cons,61,"{'rubrica','especie','ordem','percentual_comissao','flex_campo_01','flex_campo_02','flex_campo_03','flex_campo_04','flex_campo_05','banco','agencia','conta','flex_campo_06','flex_campo_07','flex_campo_08','flex_campo_09','flex_campo_10','flex_campo_11','flex_campo_12','flex_campo_13','flex_campo_14','flex_campo_15','flex_campo_16','flex_campo_17','flex_campo_18','flex_campo_19','flex_campo_20','flex_campo_21','flex_campo_22','flex_campo_23','flex_campo_24','flex_campo_25','flex_campo_26','flex_campo_27','flex_campo_28','flex_campo_29','flex_campo_30','pontpubl','pontlei','flex_campo_31','flex_campo_32','flex_campo_33','flex_campo_34','flex_campo_35','flex_campo_36','flex_campo_37','flex_campo_38','flex_campo_39','flex_campo_40','flex_campo_41','flex_campo_42','flex_campo_43','flex_campo_44','flex_campo_45','flex_campo_46','flex_campo_47','flex_campo_48','flex_campo_49','flex_campo_50','orig','dtca'}",financeiro
b_seplag_seap,rubricas,53,"{'rubrica','nome','mnemonico','nome_abrev','tiporubr','fat_vant','fat_ir','fat_prev','fat_irfer','fat_prevfer','fat_rais','e_cons','e_pa','e_salfam','e_ir','e_prev','comissao','flex_campo_01','flex_campo_02','flex_campo_03','flex_campo_04','flex_campo_05','rub','usa_complemento','formula_padrao_02','formula_padrao_12','pontlei','sql_lovcompl','valida_compl_bd','formato_complemento','formula_padrao_02per','formula_padrao_12per','modalidade_calculo','flex_campo_06','flex_campo_07','flex_campo_08','flex_campo_09','flex_campo_10','pontpubl','fat_vant_repasse','e_repasse','flex_campo_11','flex_campo_12','flex_campo_13','flex_campo_14','flex_campo_15','flex_campo_16','flex_campo_17','flex_campo_18','flex_campo_19','flex_campo_20','orig','dtca'}",pessoas
b_seplag_seap,subempresas,59,"{'codigo','nome','emp_codigo','fantasia','razao','cgc','numender','complemento','cep','ddd','fone','email','web','ramal','fax','caixa_postal','uf_sigla','municipio_codigo','mbairro_codigo','log_codigo','banco','agencia','conta','flex_campo_01','flex_campo_02','flex_campo_03','flex_campo_04','flex_campo_05','flex_campo_06','flex_campo_07','flex_campo_08','flex_campo_09','flex_campo_10','subemp_codigo_pai','ativ_econ','cnae','nat_jur','responsavel','cpf_resp','cnpj_declarante','subempcod_central','id_pessoa_pj','tipologradouro','nomelogradouro','municipio','flex_campo_11','flex_campo_12','flex_campo_13','flex_campo_14','flex_campo_15','flex_campo_16','flex_campo_17','flex_campo_18','flex_campo_19','flex_campo_20','pontproc','id_reg','orig','dtca'}",entidade
b_seplag_seap,vinculos,151,"{'numfunc','numero','dtnom','dtposse','dtexerc','regimejur','tipovinc','categoria','desconta_ir','correio','motivo','classifconc','dtconc','dtopfgts','dtretrfgts','dtinicontr','dtfimcontr','dtprorrogcontr','dtaposent','tipoapos','dtvac','formavac','numvincant','numvincpos','tipoorg_req','orgao_req','funcao_req','fone_req','projeto_atividade','bancofgts','agenciafgts','contafgts','matricula','matricula1','motivovac','pontpubl','matric','dt_pgto_ate','orgao_ext_req','tipo_onus_req','tipo_ressarc_req','tipo_req','dt_saldo_fgts','valor_dep_fgts','flex_campo_01','flex_campo_02','flex_campo_03','flex_campo_04','flex_campo_05','flex_campo_06','flex_campo_07','flex_campo_08','flex_campo_09','flex_campo_10','flex_campo_11','flex_campo_12','flex_campo_13','flex_campo_14','flex_campo_15','flex_campo_16','flex_campo_17','flex_campo_18','flex_campo_19','flex_campo_20','pontlei','emp_codigo','dt_homolog','fator_proporc_aposent','banco','agencia','conta','flex_campo_21','flex_campo_22','flex_campo_23','flex_campo_24','flex_campo_25','flex_campo_26','flex_campo_27','flex_campo_28','flex_campo_29','flex_campo_30','flex_campo_31','flex_campo_32','flex_campo_33','flex_campo_34','flex_campo_35','flex_campo_36','flex_campo_37','flex_campo_38','flex_campo_39','flex_campo_40','flex_campo_41','flex_campo_42','flex_campo_43','flex_campo_44','flex_campo_45','flex_campo_46','flex_campo_47','flex_campo_48','flex_campo_49','flex_campo_50','tipopag','id_reg','dtini_cessao','dtfim_cessao','numfunc_permut_1','numero_permut_1','numfunc_permut_2','numero_permut_2','dtadm_rais','flex_campo_51','flex_campo_52','flex_campo_53','flex_campo_54','flex_campo_55','flex_campo_56','flex_campo_57','flex_campo_58','flex_campo_59','flex_campo_60','flex_campo_61','flex_campo_62','flex_campo_63','flex_campo_64','flex_campo_65','flex_campo_66','flex_campo_67','flex_campo_68','flex_campo_69','flex_campo_70','flex_campo_71','flex_campo_72','flex_campo_73','flex_campo_74','flex_campo_75','flex_campo_76','flex_campo_77','flex_campo_78','flex_campo_79','flex_campo_80','dtiniclasse','dtfimclasse','dtiniexerc','dtfimexerc','id_ingresso','matricula3','matricula2','pontproc','pontarqs','orig','dtca'}",pessoas
b_ticketlog_abastecimentos,abastecimentos,42,"{'codigo transacao','forma de pagamento','codigo cliente','nome reduzido','data transacao','placa','tipo frota','modelo veiculo','numero frota','ano','matricula','nome motorista','servico','tipo combustivel','litros','vl/litro','hodometro ou horimetro','km rodados ou horas trabalhadas','km/litro ou litros/hora','valor emissao','codigo estabelecimento','nome estabelecimento','tipo estabelecimento','endereco','bairro','cidade','uf','informacao adidional 1','informacao adidional 2','informacao adidional 3','informacao adidional 4','informacao adidional 5','forma transacao','codigo liberacao restricao','serie pos','numero cartao','familia veiculo','grupo restricao','codigo emissora','responsavel','origem','dt_dtca'}",logistica
